Predict,Sales
307.77592191103304,339.7
312.02089012181466,440.4
294.77805332160244,315.9
361.4704989505102,439.3
346.9723844286417,401.3
387.64808932726976,437.4
416.6675659881978,575.5
419.11586919663443,407.6
549.9456214509999,682.0
497.5515066875713,475.3
617.8415279236491,581.3
597.6093450332079,646.9
