Predict,Sales
320.77249342742965,342.3
262.54717979756725,339.7
308.3569077014695,440.4
345.18766815630784,315.9
368.2657869693233,439.3
330.01551847532687,401.3
403.688622563605,437.4
393.5791681217887,575.5
468.3477045944491,407.6
501.6522216204208,682.0
454.12748035746404,475.3
620.2938728632505,581.3
488.65020015224314,646.9
