Predict,Sales
405.669235475866,342.3
335.61409441684816,339.7
400.47800525214893,440.4
376.2503338153698,315.9
384.5485363954001,439.3
414.62214445862804,401.3
490.1612181778634,437.4
405.8959394312685,575.5
529.8940961283123,407.6
601.0309584527604,682.0
519.9856307807861,475.3
736.6677796643971,581.3
562.5687299619998,646.9
