Predict,Sales
405.66914821821837,342.3
335.6140288432346,339.7
400.4781103126368,440.4
376.25030891620645,315.9
384.5484620135244,439.3
414.62187090378177,401.3
490.16126963787667,437.4
405.89592322914893,575.5
529.8941530773118,407.6
601.0310280155775,682.0
519.9854199528386,475.3
736.667644453677,581.3
562.568893744854,646.9
