Predict,census
2392.5279132003916,3066.0
2667.6901104465182,2581.0
2548.3630189309742,1115.0
2314.8114720231765,2477.0
2567.883695411705,2901.0
2592.1082912641996,1239.0
2302.5494367518572,2618.0
2567.912517928421,3589.0
2687.5169740219926,3336.0
2633.981596475582,2363.0000000000005
2495.240525440427,1079.0
2307.876195482731,2232.0
2522.4540596047937,3423.0
2676.8191079135304,3418.0
2649.72431834937,1409.0
