Predict,Sales
262.5392689825323,339.7
308.35985721631647,440.4
345.18741851796085,315.9
368.2669822163806,439.3
330.0150691454168,401.3
403.6883470287571,437.4
393.5789057202785,575.5
468.34917142547613,407.6
501.6556993402386,682.0
454.12158698149545,475.3
620.2883206611139,581.3
488.64892598593985,646.9
