Predict,Sales
307.5285405579512,339.7
365.78819529539044,440.4
362.0171748403153,315.9
423.40778986458776,439.3
375.000829351941,401.3
455.35939629860053,437.4
421.61888880451386,575.5
453.3642371078613,407.6
536.4930713321565,682.0
512.7459987267623,475.3
670.7172258846584,581.3
606.4820031391994,646.9
