Predict,Sales
343.74642895823854,339.7
427.45317084229407,440.4
387.1482619760495,315.9
427.2580989366469,439.3
399.9573205528136,401.3
488.2167365236982,437.4
434.7167126941577,575.5
501.20232161271167,407.6
585.46089013039,682.0
519.5088341861058,475.3
678.0785412424833,581.3
593.126709037467,646.9
