,predicted,real
0,-1.5821850475311727,0.0
1,-2.25681022654405,0.0
2,-1.8548037682983824,0.0
3,-1.7760970113030756,0.0
4,-1.5789149776608118,0.0
5,-0.3070937564831016,0.0
6,1.8124036410771822,0.0
7,3.461388446330566,17.0
8,4.883249375092634,15.0
9,5.887893048653565,9.0
10,6.541026271345106,13.0
11,7.180817359407663,19.33333333333333
