Predict,Sales
267.0247560101325,339.7
369.6119216678971,440.4
378.25027669609415,315.9
373.2144969511021,439.3
414.14301983193207,401.3
515.450919236994,437.4
374.62952884283885,575.5
594.6954119521276,407.6
584.2475512759954,682.0
574.3033531758945,475.3
703.7728275782358,581.3
515.797892318582,646.9
