Predict,Sales
329.3445889948043,339.7
384.73209850122953,440.4
358.37804062616317,315.9
369.57562825239177,439.3
315.57991107483286,401.3
440.25053830881143,437.4
419.812725426219,575.5
480.6072851338374,407.6
527.4060122490071,682.0
422.48013288104323,475.3
620.1117688482252,581.3
556.8986782076645,646.9
