Predict,Sales
233.85634588991826,342.3
259.033119854668,339.7
269.0650958198196,440.4
331.83204404878217,315.9
275.91553106291326,439.3
344.1473936309099,401.3
334.668069407085,437.4
366.6825132499225,575.5
487.6983283921012,407.6
361.6712037946734,682.0
578.0362313097838,475.3
414.94962820366186,581.3
501.222932032571,646.9
