Predict,Sales
268.0549729676881,339.7
344.8635037315654,440.4
326.49690373050674,315.9
361.9620496775928,439.3
347.0758862769757,401.3
419.9135587808989,437.4
374.3673705120928,575.5
456.5949828031237,407.6
481.3262145269537,682.0
451.1872739215211,475.3
605.2328476095496,581.3
504.7186387169049,646.9
