Predict,Sales
312.8493879291007,339.7
388.2085625722033,440.4
338.15040634517266,315.9
393.56687894045115,439.3
380.36519986831564,401.3
463.86594821413934,437.4
398.08969061831476,575.5
498.36423955152117,407.6
523.8498450775382,682.0
504.3011302938132,475.3
663.5241071947892,581.3
560.4580725519459,646.9
