Predict,Sales
317.4445068932291,342.3
255.35769202994936,339.7
305.431513724513,440.4
344.77622767563594,315.9
369.05533241617127,439.3
333.0766543986137,401.3
398.32665863020895,437.4
396.25084830552856,575.5
456.5784893801483,407.6
519.5676130867819,682.0
453.7325641664822,475.3
605.4649636523367,581.3
510.86511102468523,646.9
