Predict,Sales
317.4444275561689,342.3
255.35805089868904,339.7
305.4312046158018,440.4
344.7762688977556,315.9
369.05529919539003,439.3
333.07558814614276,401.3
398.3256274055246,437.4
396.2511186047798,575.5
456.5782425330941,407.6
502.8903435921213,682.0
453.7319804415415,475.3
605.4671440961915,581.3
510.8648655547548,646.9
