Predict,Sales
279.8736807888159,421.6
321.0444389758697,264.5
366.37924889300643,342.3
315.5413273483326,339.7
384.56911110140726,440.4
380.5162421543127,315.9
441.1691298868291,439.3
396.1891819445023,401.3
479.33954850687826,437.4
445.7613749759317,575.5
489.11698541300456,407.6
546.3271158119471,682.0
563.3927292706425,475.3
681.7780440637669,581.3
611.1062694462237,646.9
