Predict,Sales
256.8515508610259,339.7
315.50377484939196,440.4
369.3226501067645,315.9
400.3198134145697,439.3
343.05903904786095,401.3
418.1063899716284,437.4
385.0924718144456,575.5
448.02265085892157,407.6
525.9591846384001,682.0
497.1773989054491,475.3
607.0291525011712,581.3
567.0376010706922,646.9
