Predict,Sales
327.8842305672548,339.7
393.3624112115979,440.4
367.1161790073565,315.9
377.9949057826383,439.3
405.68393664364356,401.3
482.3599491940876,437.4
399.87470773206974,575.5
518.0015883479559,407.6
591.1345133407402,682.0
507.5608234852851,475.3
725.4593775159634,581.3
556.5285103382703,646.9
