Predict,Sales
341.3723353559761,339.7
337.8118016032746,440.4
311.2780330986606,315.9
351.5418189169888,439.3
356.6929093071499,401.3
390.93249732416047,437.4
417.5187523312899,575.5
418.27135034926374,407.6
386.97628020195816,682.0
510.3250287963879,475.3
609.3670161000533,581.3
592.1390084111422,646.9
