Predict,Sales
246.8735081792831,339.7
311.2667828597124,440.4
339.105859224827,315.9
370.5868603953344,439.3
339.06167010309684,401.3
395.2475935108581,437.4
395.46731625394364,575.5
449.6068764569228,407.6
495.83883123593245,682.0
450.54328268023505,475.3
604.640620677252,581.3
493.37982632619037,646.9
