Predict,Sales
255.35859030418982,339.7
305.431432953324,440.4
344.7791290399189,315.9
369.0549150660631,439.3
333.07738494730694,401.3
398.32573560108784,437.4
396.25104927144935,575.5
456.5734016252295,407.6
502.8925731292355,682.0
453.73183124952914,475.3
605.466718658228,581.3
510.8584093539723,646.9
