Predict,Sales
182.55214690774164,339.7
530.9664292955995,440.4
486.6025104455921,315.9
252.39811487446184,439.3
388.05911764153916,401.3
566.9766509597894,437.4
341.47787644261336,575.5
791.7064979888461,407.6
283.2389372570188,682.0
724.5901065025392,475.3
655.7067377612411,581.3
262.52208138075946,646.9
