Predict,Sales
307.2418881668892,339.7
377.73339073922557,440.4
371.1522485656911,315.9
431.84748647010485,439.3
404.69145057849283,401.3
472.4178519504295,437.4
396.1670600783572,575.5
602.9444215436175,407.6
537.0035180210573,682.0
583.2834539480273,475.3
677.6233475184918,581.3
542.1037189147474,646.9
