Predict,speed_diff
-0.10728295689240769,0.0
-0.6306066654694312,0.0
0.284090717443055,0.0
-0.6212563458317121,0.0
0.29053276664095257,0.0
-0.5892931672858454,0.0
0.2633958229857697,0.0
-0.603612503333015,0.0
0.28981235911330455,0.0
-0.5709208383975303,0.0
0.26834546386727137,0.0
-0.5636641623720772,0.0
0.2698366822375644,0.0
-0.555305739650885,0.0
0.2714780150076277,0.0
