Predict,Sales
321.79466929891805,339.7
396.9289857483087,440.4
349.7405193583671,315.9
362.6698077984292,439.3
310.7769703753387,401.3
455.8168241762926,437.4
402.78835995458405,575.5
466.3763381232237,407.6
559.388584691239,682.0
461.15940583252575,475.3
676.1714534653772,581.3
610.3839570153627,646.9
