Predict,speed_diff
18.323204494632478,18.33333333333333
17.881990417827986,12.0
13.348158709912832,22.66666666666667
20.84442583719914,18.666666666666668
19.56547884970358,23.333333333333336
22.27863197530371,16.333333333333332
17.812883698468482,25.66666666666667
23.95875448275083,32.0
31.50257125764735,32.66666666666667
31.995391230653304,21.66666666666667
23.823169393590803,3.333333333333333
5.401513893084143,0.0
1.1866955619133417,0.0
-0.42258976354955846,0.0
0.5033658555855278,0.0
