Predict,Sales
271.46926327472175,339.7
348.6893644977656,440.4
309.6407068847189,315.9
347.17980295274253,439.3
348.2810098761204,401.3
419.0484681119931,437.4
337.070226314144,575.5
480.6934491389972,407.6
474.0878763907088,682.0
396.69612128759576,475.3
611.9173755193964,581.3
536.83403388596,646.9
