Predict,Sales
262.48850001388723,339.7
324.4058558128735,440.4
329.51291814818103,315.9
377.2872373526916,439.3
328.2190023104974,401.3
414.7102565995748,437.4
377.4163733284312,575.5
459.96843077951274,407.6
492.6643281971243,682.0
451.23042420237346,475.3
604.2535081661501,581.3
512.2796105324442,646.9
