Predict,Sales
345.0908955848488,339.7
425.4216603705065,440.4
391.53808913235514,315.9
425.5839032108896,439.3
399.2519628999346,401.3
487.85234736232417,437.4
434.60142220486415,575.5
534.8558507560656,407.6
599.990346456901,682.0
524.1698371581138,475.3
730.319634980782,581.3
614.3794505668347,646.9
