Predict,Sales
259.0366093443292,339.7
269.06760507986286,440.4
331.8409654188189,315.9
275.91618922686325,439.3
344.15545490645525,401.3
334.6723965339854,437.4
366.683952967624,575.5
487.6982737927472,407.6
361.6749644693935,682.0
578.0352221919155,475.3
414.95470288967533,581.3
501.2249305014431,646.9
