Predict,Births
42.28443364797175,42
42.84094062838937,53
44.44188892025248,39
43.39701634098326,40
42.47692699111772,38
41.50971824155062,44
42.614897049517346,34
41.90947997558716,37
41.53154859671879,52
43.983777099978795,48
44.02532081516347,55
46.31120476393426,50
