Predict,Sales
289.6420817934588,339.7
341.40813398840356,440.4
374.23388242139555,315.9
401.352299761722,439.3
351.8797817374351,401.3
427.2531259037725,437.4
412.65788394548207,575.5
484.79668780197255,407.6
524.8030044547601,682.0
467.1998692471851,475.3
636.1051311552471,581.3
501.6224297403401,646.9
