Predict,Sales
272.01575312396363,342.3
207.4630412726904,339.7
312.01993218171486,440.4
289.2556989758899,315.9
366.4580829941134,439.3
344.54542772390107,401.3
393.2960995532586,437.4
417.9084741858765,575.5
