Predict,Sales
207.4630412726904,339.7
312.01993218171486,440.4
289.2556989758899,315.9
366.4580829941134,439.3
344.54542772390107,401.3
393.2960995532586,437.4
417.9084741858765,575.5
415.27778168726445,407.6
558.8939604329688,682.0
491.8453052148964,475.3
625.8317145520356,581.3
597.7838549078791,646.9
