Predict,speed_diff
13.836947571370139,18.33333333333333
19.68162551695241,12.0
17.55905161178085,22.66666666666667
19.786978764040715,18.666666666666668
20.618693009703506,23.333333333333336
19.655000398237284,16.333333333333332
19.220976845361452,25.66666666666667
25.364532632086355,32.0
29.975975751055046,32.66666666666667
27.467025605559307,21.66666666666667
21.61238712520595,3.333333333333333
6.4492395291416535,0.0
1.2985706780742095,0.0
-0.5217061923391827,0.0
-0.12096095143991328,0.0
