Predict,Sales
315.0025843325508,339.7
395.71397761510815,440.4
340.85649830097617,315.9
361.5289266860203,439.3
315.2071978261362,401.3
455.8127684554314,437.4
402.7593519779616,575.5
471.1332524273246,407.6
527.6953477060918,682.0
486.200416675411,475.3
675.6493295611115,581.3
555.1839333100527,646.9
