,predicted,real
0,1.9567348659466464,0.0
1,3.9428738235713845,0.0
2,6.814803392482213,0.0
3,8.968996152673363,0.0
4,9.993886240377114,0.0
5,13.019529035668201,0.0
6,17.44208770199174,5.0
7,21.223827893797207,13.333333333333336
8,24.060018495388405,7.666666666666668
9,25.915659366014097,13.333333333333336
10,26.772583588109395,13.333333333333336
11,26.82181622890917,22.33333333333333
