,predicted,real
0,0.7722425676918991,0.0
1,0.49055634924695235,0.0
2,0.5621787047629133,0.0
3,1.5111735598975844,0.0
4,1.5633460527036844,0.0
5,1.5111079240270748,0.0
6,2.1698954272232047,0.0
7,2.4314004696911566,0.0
8,2.5243466433681907,0.0
9,2.6957302391171805,0.0
10,2.6949438248738757,0.0
11,2.4916876003007515,0.0
