Predict,Sales
345.881747182559,342.3
303.03925590675726,339.7
386.2208137535056,440.4
342.06395594054163,315.9
388.28187314371075,439.3
359.8639288643442,401.3
447.00245484823364,437.4
393.6834873905085,575.5
450.90394542289494,407.6
498.5621397660966,682.0
455.2749527589479,475.3
627.312100603606,581.3
535.5107176768554,646.9
