Predict,Sales
288.3773053271183,339.7
362.5553821474846,440.4
326.9257536943881,315.9
372.3026534739889,439.3
348.363549478191,401.3
430.28098458058855,437.4
372.80990491140244,575.5
466.11700380966545,407.6
490.00909989974946,682.0
459.1690525031282,475.3
614.4503282160655,581.3
514.0236934166107,646.9
