Predict,Sales
327.361684404624,339.7
409.5349959892975,440.4
374.709275327351,315.9
402.950257254926,439.3
371.69867340574,401.3
464.93099956541175,437.4
413.29570274532125,575.5
461.4831986971183,407.6
531.9424015273619,682.0
467.70411451763096,475.3
682.7913660949237,581.3
594.7085345663002,646.9
