Predict,Sales
260.16821589036505,339.7
323.6000842828314,440.4
329.8410760154045,315.9
377.0324393167786,439.3
328.48121734833694,401.3
413.6638624039247,437.4
377.9463830220357,575.5
458.7743981536297,407.6
491.8663169225165,682.0
445.2054720405013,475.3
614.674149653818,581.3
508.10113653025337,646.9
