Predict,speed_diff
16.632231746391643,18.33333333333333
18.55439891951086,12.0
13.217922512910503,22.66666666666667
20.873425263221577,18.666666666666668
19.45718122533085,23.333333333333336
22.09986037308603,16.333333333333332
17.70700743209444,25.66666666666667
24.71489137938917,32.0
30.432418062168153,32.66666666666667
33.103690890995026,21.66666666666667
22.726798895944412,3.333333333333333
6.739140453311937,0.0
1.0813444707184894,0.0
-0.46363064302718165,0.0
-0.26741396798828326,0.0
