Predict,Sales
365.0389999107342,339.7
381.79473747548116,440.4
393.69718423993487,315.9
442.6089259828734,439.3
428.04572349214345,401.3
463.84608678661107,437.4
474.5035768418536,575.5
475.2983878562308,407.6
561.6239805963241,682.0
574.4424504209954,475.3
630.0079897018751,581.3
612.9782472887504,646.9
