Predict,Sales
292.2682571604581,339.7
347.0907799242056,440.4
383.51287426688793,315.9
414.3457573239448,439.3
356.9435494184605,401.3
450.69384114084636,437.4
416.12544462878066,575.5
481.73716589925397,407.6
562.0996072987517,682.0
486.0318493982422,475.3
665.8276043682806,581.3
535.9450627660744,646.9
