Predict,speed_diff
13.592493685725586,18.33333333333333
19.500181358334086,12.0
18.311006306443335,22.66666666666667
19.78566479627944,18.666666666666668
20.89002523408673,23.333333333333336
19.981431414367133,16.333333333333332
19.235062976630253,25.66666666666667
25.35194687739556,32.0
30.00510800138197,32.66666666666667
27.417718732526172,21.66666666666667
21.630517723904436,3.333333333333333
6.592379021928973,0.0
1.4176984346127168,0.0
-0.39711390559486964,0.0
0.11724353053444413,0.0
