Predict,Sales
271.41678090949017,421.6
299.3105902888285,264.5
294.4270954493292,342.3
305.7106240914781,339.7
298.7591398731951,440.4
312.1892914850517,315.9
318.3298733006609,439.3
313.197412721935,401.3
326.91819996589936,437.4
327.2192120918505,575.5
332.2825103353048,407.6
337.3382787479523,682.0
340.7060112505253,475.3
347.41546902975847,581.3
349.2212520127459,646.9
