Predict,Sales
317.5113614522482,421.6
290.6881013878627,264.5
302.3667057168842,342.3
308.36070903410786,339.7
330.7853423960564,440.4
330.13359597229874,315.9
328.62714289020596,439.3
327.70350217004784,401.3
341.12542398586874,437.4
352.8535564511469,575.5
357.95397640024447,407.6
355.996564340285,682.0
359.0331898820418,475.3
368.6223402708572,581.3
379.35031209713816,646.9
