Predict,Sales
261.59958617175573,339.7
335.89065510956027,440.4
457.6058935761915,315.9
399.79381587417197,439.3
363.7158597595538,401.3
458.6999885624432,437.4
446.21254832189163,575.5
571.9965745317103,407.6
560.5677540047812,682.0
546.9689519644252,475.3
670.6452325078753,581.3
542.1993758468097,646.9
