Predict,Sales
212.91764931040603,339.7
363.1063893900223,440.4
452.4616522566365,315.9
427.8090559456476,439.3
366.7182788070542,401.3
465.1150339834177,437.4
392.35582595845835,575.5
719.5351602804591,407.6
443.57992351191297,682.0
626.2305272236964,475.3
629.3688982925264,581.3
469.26688714316106,646.9
