Predict,Sales
268.0558379342304,339.7
344.86338389613866,440.4
316.8880560825034,315.9
361.96232840510214,439.3
337.00656958414464,401.3
419.91313841868765,437.4
367.181056132455,575.5
456.59771289871173,407.6
481.3271946342304,682.0
451.1809929090383,475.3
605.2304028999464,581.3
504.71842321005005,646.9
