Predict,Sales
259.033119854668,339.7
269.06397078465477,440.4
331.83212864642326,315.9
275.91573000510647,439.3
344.1474243017477,401.3
334.668069407085,437.4
366.68149888190646,575.5
487.6967384115246,407.6
361.67321004403993,682.0
578.036261332866,475.3
414.95134144964936,581.3
501.2235246168409,646.9
