Predict,speed_diff
16.632231746391643,18.33333333333333
16.832153119092236,12.0
16.962450644860063,22.66666666666667
16.788436953956886,18.666666666666668
17.200773386991678,23.333333333333336
16.815280689649146,16.333333333333332
17.157920012113365,25.66666666666667
17.11029914741911,32.0
16.992377332493195,32.66666666666667
17.350226712092294,21.66666666666667
17.02519313662269,3.333333333333333
17.32974359383167,0.0
17.282462528223707,0.0
17.199655202136004,0.0
17.502142724675007,0.0
