Predict,Sales
354.2966593009801,339.7
429.96781920946137,440.4
392.6346671668973,315.9
420.1918293129807,439.3
397.5853764095122,401.3
487.8925922271242,437.4
434.1600895319872,575.5
467.0578408312483,407.6
568.0827727912938,682.0
468.02466056836784,475.3
687.4916201678768,581.3
617.8392514949104,646.9
