Predict,Sales
317.74896590544347,339.7
368.8984384715254,440.4
412.30210308445965,315.9
429.4666419034718,439.3
384.174783799944,401.3
459.23365307167023,437.4
442.6119896889594,575.5
527.3605691430405,407.6
564.9880412530183,682.0
514.4187560607203,475.3
695.7337137954689,581.3
542.4758679641377,646.9
