Predict,Sales
303.9388633067803,339.7
328.3427342776817,440.4
368.27073840720254,315.9
399.11275530572175,439.3
356.5796147344943,401.3
414.64195342659417,437.4
414.0540371880176,575.5
467.8116818695545,407.6
519.2612764004373,682.0
464.1820162234455,475.3
615.9847391332619,581.3
524.253124387115,646.9
