Predict,Sales
297.50625905367474,339.7
350.14824680911363,440.4
386.9325515502677,315.9
411.6023258141568,439.3
363.45682739699873,401.3
439.91655752340813,437.4
424.90495124727903,575.5
509.89492494782945,407.6
542.2284973009702,682.0
494.6685421921545,475.3
670.2818882939337,581.3
517.9427668394142,646.9
