Predict,Sales
313.0117866994613,339.7
392.0193726464873,440.4
337.51213104649156,315.9
362.8322937867801,439.3
318.29578219196947,401.3
442.263414502993,437.4
421.4507751052344,575.5
461.7987216670796,407.6
538.4463854395469,682.0
477.60776505776494,475.3
594.2474081370036,581.3
602.6003423007535,646.9
