Predict,Sales
399.1450695997727,342.3
354.2965473133205,339.7
429.9678273925373,440.4
392.6347213042617,315.9
420.1917287349586,439.3
397.58547667539364,401.3
487.8925744998695,437.4
434.1600974906443,575.5
467.05778016259666,407.6
568.0826764360529,682.0
468.0247307626742,475.3
687.4916867555196,581.3
617.839167152968,646.9
