Predict,Sales
426.7524483187033,342.3
342.3227420878796,339.7
415.57539720906715,440.4
379.41804188741753,315.9
393.70171531911495,439.3
378.8757194336723,401.3
497.61532229996806,437.4
421.2509448761516,575.5
505.199678101784,407.6
570.6278213916978,682.0
529.9544959012667,475.3
720.750097265706,581.3
613.9884015893244,646.9
