Predict,Sales
426.75255608090936,342.3
342.3226589656032,339.7
415.57568080321647,440.4
379.41819134843803,315.9
393.70182403529554,439.3
378.87524069989786,401.3
497.6155716303017,437.4
421.25094303855246,575.5
505.19954957689185,407.6
570.6277383313362,682.0
529.9543054101123,475.3
720.7502921121954,581.3
613.9884447784121,646.9
