Predict,Sales
311.09700214729725,339.7
327.13770553039467,440.4
348.8378225205215,315.9
383.4231266564202,439.3
357.1661595927579,401.3
402.2531128987318,437.4
406.87555238355014,575.5
456.1368902833576,407.6
506.0295661116817,682.0
461.1508419780273,475.3
614.0083131852775,581.3
518.5915103815331,646.9
