Predict,Sales
316.8889026972166,339.7
337.3493002596662,440.4
378.28334121209423,315.9
413.32094630683645,439.3
370.9781346026773,401.3
425.7571204486182,437.4
429.40136046660183,575.5
474.58072713185805,407.6
542.710029584478,682.0
480.8136796358922,475.3
634.3273314677276,581.3
561.0514750429035,646.9
