Predict,speed_diff
0.33618461710944,0.0
-0.573731855867954,0.0
0.20975422315837536,0.0
-0.5694638001692708,0.0
0.33371478625346884,0.0
-0.5652411555052633,0.0
0.33217309786383287,0.0
-0.5614464390465674,0.0
0.20553786044296532,0.0
-0.4314748782520762,0.0
0.19551409017676208,0.0
-0.5466750725261891,0.0
0.20159315039959316,0.0
-0.5280757857592004,0.0
0.2053776629722042,0.0
