Predict,Sales
292.27325085742734,339.7
375.8800012051643,440.4
309.2912705133025,315.9
347.91053465994656,439.3
309.380380505382,401.3
423.8978491704823,437.4
337.60990922962185,575.5
397.83563066699963,407.6
509.2555815377406,682.0
404.2917766952797,475.3
623.6258452182334,581.3
512.2206344572473,646.9
