Predict,Sales
328.29280616297234,339.7
410.6533724248592,440.4
376.5971488989267,315.9
403.62029471553774,439.3
373.07740544235435,401.3
464.12393429978727,437.4
413.2512155534703,575.5
458.19761732224407,407.6
532.068086680683,682.0
472.67411787342866,475.3
683.7805131189097,581.3
594.5089144141418,646.9
