Predict,Sales
178.24635170158865,339.7
401.87052344425575,440.4
560.9824372538658,315.9
294.86834600287347,439.3
351.7517931749178,401.3
515.2985125213814,437.4
431.35834123945375,575.5
665.2701859804779,407.6
475.276477102924,682.0
574.2690713218389,475.3
664.6012771782996,581.3
448.7923595892556,646.9
