Predict,Sales
302.4480585577438,339.7
379.13989563175454,440.4
374.8696591027812,315.9
430.1615117462641,439.3
402.8521260077932,401.3
474.00113184262625,437.4
396.08488489018123,575.5
604.0884903370827,407.6
536.49458116413,682.0
581.3470318911948,475.3
680.4021374733607,581.3
539.08663581334,646.9
