Predict,Sales
383.1270502497123,342.3
264.5771698104303,339.7
342.1844705459367,440.4
467.5429842387849,315.9
403.2173959538974,439.3
369.04842541128966,401.3
464.83832662939034,437.4
451.6532743952063,575.5
581.6200999829821,407.6
565.0671516634295,682.0
556.085873338696,475.3
676.5140156296283,581.3
545.6151764284152,646.9
