Predict,Sales
227.73026552538897,339.7
406.8608925934737,440.4
467.47129593760087,315.9
376.1157356718115,439.3
360.7152232761502,401.3
501.42993647819014,437.4
417.0304959816473,575.5
641.8413832741385,407.6
490.5888162654928,682.0
576.8857147760692,475.3
710.0608534048629,581.3
416.2292278747701,646.9
