Predict,speed_diff
17.003667568919692,18.33333333333333
18.96062471841003,12.0
13.260422904348296,22.66666666666667
20.81700799320386,18.666666666666668
19.42193557196394,23.333333333333336
22.51976877494528,16.333333333333332
17.59546851784201,25.66666666666667
24.38615797288316,32.0
31.073404083246086,32.66666666666667
32.33384141601544,21.66666666666667
23.70918367660934,3.333333333333333
5.995745328548925,0.0
0.8478554251475716,0.0
-0.5974429315962536,0.0
0.5949263573309646,0.0
