Predict,speed_diff
17.244918778435324,18.33333333333333
18.669626383101505,12.0
13.258517393268843,22.66666666666667
20.83475051869021,18.666666666666668
19.39731633925352,23.333333333333336
22.53190237914055,16.333333333333332
17.589142065090225,25.66666666666667
24.25202527200373,32.0
31.075809000032745,32.66666666666667
32.329026881690226,21.66666666666667
23.721006961124647,3.333333333333333
5.990240177007038,0.0
0.7734651222158639,0.0
-0.6141424311143813,0.0
0.5732103237110734,0.0
