Predict,Sales
264.5770471632577,339.7
342.18424965043977,440.4
467.5434442247555,315.9
403.217353608033,439.3
369.04855748685145,401.3
464.83819587904765,437.4
451.6533845796314,575.5
581.6202434869745,407.6
565.0671079241604,682.0
556.0859646450206,475.3
676.5138583112144,581.3
545.6148985040442,646.9
