Predict,census
2870.373912086973,3421.0
2812.8298940141535,1039.0
2478.0259125140637,1184.0
2521.7769419808965,3469.0
2840.132275346425,3913.0
2860.100008159268,2285.0
2622.8359608188207,3614.0
2866.5258971093544,3501.0
2829.9223092515017,3310.0
2821.5342601801212,1232.0
2523.0180262999197,1802.0
2642.7642141179613,4451.0
3012.71252653866,4102.0
2903.480168366103,5623.0
3199.7594471120547,4875.0
