Predict,Sales
406.1845445036704,342.3
307.24178289715263,339.7
377.7332423017036,440.4
371.1523040937241,315.9
431.8475921806738,439.3
404.69142267399593,401.3
472.4179372479909,437.4
396.16703342571066,575.5
602.9445172077549,407.6
537.0035313837373,682.0
583.2834366969041,475.3
677.6232289971845,581.3
542.1037052491706,646.9
