Predict,Sales
274.2447562006661,421.6
325.86393109943504,264.5
375.7144089531624,342.3
326.8475781326093,339.7
381.5325318916921,440.4
377.0431058757687,315.9
441.69436481729673,439.3
394.1188100291269,401.3
472.48102721321953,437.4
438.2806890851565,575.5
486.0485692645382,407.6
550.2641422308759,682.0
475.41760598948053,475.3
638.5597221596688,581.3
581.7883567739134,646.9
