Predict,Births
45.320376761554414,39.0
43.47267473704136,40.0
44.39818586677555,42.0
43.432899286133626,42.0
44.38918253500395,53.0
43.489298072138546,39.0
44.39231994692342,40.0
43.54523834979197,38.0
44.39711862404311,44.0
43.59969649090468,34.0
44.403370135786744,37.0
43.65274576680509,52.0
44.410989495215304,48.0
43.70446719261067,55.0
44.41989789543372,50.0
