Predict,Sales
292.6703734593532,339.7
364.2571260212563,440.4
326.13149749890295,315.9
373.22167577231426,439.3
346.8876750952984,401.3
428.68263544415095,437.4
374.18590299827156,575.5
464.67641806868903,407.6
490.309190909049,682.0
459.7910984282305,475.3
614.5672158469208,581.3
514.1726951471727,646.9
