Predict,Sales
363.49655597262256,342.3
315.472164813934,339.7
390.1870529893368,440.4
334.19917479926465,315.9
393.43215415424135,439.3
369.9290549167422,401.3
451.5105618311477,437.4
388.9573834094824,575.5
472.2711625308536,407.6
507.2580207228587,682.0
471.66128121199796,475.3
634.2594594808888,581.3
539.7862775361035,646.9
