Predict,Sales
308.9822311269237,339.7
390.859445724278,440.4
357.5851419118592,315.9
384.2223458890388,439.3
366.80505713809316,401.3
457.4898791420929,437.4
400.8574085841134,575.5
447.62468563661383,407.6
535.1410063230886,682.0
455.06588209325474,475.3
671.7532078496105,581.3
577.9398087314651,646.9
