Predict,census
6589.867667070405,3090.0
2462.132434603613,955.0
2686.2067786946764,3793.0
1938.5575128746352,1347.0
2507.7803822601977,3111.9999999999995
2684.498075569076,3091.9999999999995
2396.6801072806225,3401.0
3946.468679052103,3002.0000000000005
3162.8880042569767,3941.0000000000005
1861.9693338272386,3114.0
1679.9589256033116,4979.0
6835.4876465335055,5621.000000000001
5626.724468567557,4392.0
7118.047357499233,5392.0
5437.546036233497,4991.0
