Predict,Sales
349.1177054790902,342.3
306.5129766638969,339.7
387.3763876917501,440.4
348.15419408652514,315.9
386.30876953174493,439.3
356.0819601236424,401.3
446.379500780173,437.4
394.73727566681066,575.5
434.9155036684934,407.6
507.92334990076307,682.0
435.48283227358843,475.3
652.7437651042208,581.3
546.343452394855,646.9
