Predict,Sales
291.50342001722987,339.7
369.5128115225802,440.4
336.8171019073905,315.9
355.305815927882,439.3
338.84868515787275,401.3
421.10040851139706,437.4
335.5026141823166,575.5
494.37017560394986,407.6
519.0892334845628,682.0
447.0995863328407,475.3
625.6885523528024,581.3
554.9602343473462,646.9
