Predict,Sales
267.1732486189086,339.7
348.1486596880111,440.4
320.4588769694624,315.9
374.78711550461685,439.3
358.2576939877164,401.3
442.8115575333991,437.4
376.2463113800791,575.5
427.4958223516848,407.6
501.4989727143615,682.0
433.8718369807374,475.3
616.1936601498478,581.3
487.25482205835624,646.9
