Predict,Sales
333.3548992896899,339.7
407.7022362912702,440.4
370.2339303451844,315.9
387.529815018036,439.3
370.11828030142664,401.3
488.68924011759043,437.4
414.51301806247085,575.5
493.0718594752935,407.6
559.4758169093016,682.0
515.1342135869907,475.3
708.2308030557199,581.3
604.6047225644552,646.9
