Predict,Sales
293.1339138553381,339.7
304.8877841088664,440.4
351.42227926106807,315.9
331.46328356016517,439.3
366.8931944187935,401.3
375.989357778931,437.4
396.02122346566745,575.5
468.014210191105,407.6
436.128384569083,682.0
533.5283232820046,475.3
502.48708874519025,581.3
530.6669189340978,646.9
