Predict,Sales
320.5893379522117,342.3
287.384307140497,339.7
344.79427036618614,440.4
327.9388590947094,315.9
371.7294136259243,439.3
349.4557816301912,401.3
431.9228673710299,437.4
372.55771841825003,575.5
461.8901749217148,407.6
481.6125140894594,682.0
446.47602151145134,475.3
604.9054500928794,581.3
504.70075429269207,646.9
