Predict,census
2841.647089533754,1839.0000000000002
2546.269264476302,1195.0
2369.014422911394,2944.0
2639.2230213533453,1402.0
2410.7508008396026,1902.0
2433.986726531755,3892.0
2789.6167797264006,3100.0
2723.357199438887,1028.0
2344.9855641213658,3185.0000000000005
2655.7197790652085,2800.0
2640.7627188404363,2943.0
2665.8224530584735,2687.0
2632.519414379818,1575.9999999999998
2436.147140903732,2098.0
2486.047150066176,3627.0
