Predict,speed_diff
-1.2956411522030722,0.0
0.8166595261476551,0.0
-0.46919031328500865,0.0
-0.5066259797675459,0.0
0.8252698291222453,0.0
-1.2582859897623384,0.0
0.7490106745087797,0.0
-0.38366801007728374,0.0
-0.5606979691724397,0.0
0.8410764679383046,0.0
-0.8671158038145786,0.0
0.6805872274846694,0.0
-0.07332777271668112,0.0
-0.30651075473553174,0.0
0.42903266034801696,0.0
