Predict,speed_diff
14.288051971023235,18.33333333333333
19.189399248501022,12.0
16.3172105681215,22.66666666666667
19.956878496594637,18.666666666666668
21.167182106445775,23.333333333333336
19.230702497122326,16.333333333333332
18.845972146757333,25.66666666666667
25.92800680297387,32.0
29.51586020340042,32.66666666666667
27.636245285248542,21.66666666666667
21.355278684287576,3.333333333333333
6.297068423124709,0.0
2.310850947813077,0.0
1.1567162711773893,0.0
0.5816299875460775,0.0
