Predict,Sales
338.85802309325805,342.3
287.3544244577103,339.7
361.56203746894795,440.4
327.91979580216963,315.9
362.39223916178616,439.3
349.4981592466797,401.3
431.92913849166536,437.4
372.571052007504,575.5
461.8898618724451,407.6
481.61060298776795,682.0
446.47584835517034,475.3
604.9056541140161,581.3
504.70276825534427,646.9
