Predict,Births
44.27194637367566,39.0
42.91523661298937,40.0
44.2524631547812,42.0
42.99341548493209,42.0
44.23652043681766,53.0
43.06818220817081,39.0
44.22386616842818,40.0
43.13977969655509,38.0
44.21426624201244,44.0
43.20843357068513,34.0
44.207503216294846,37.0
43.274353389033394,52.0
44.203375129834335,48.0
43.33773379142141,55.0
44.20169439900139,50.0
