Predict,Sales
319.3253635484404,339.7
365.9070692280403,440.4
407.7306075477179,315.9
427.27221338028005,439.3
387.684816425283,401.3
454.43190557549735,437.4
449.22914046381544,575.5
508.70135441345377,407.6
589.505354151122,682.0
503.01270587146337,475.3
687.9736326411072,581.3
560.9964191571914,646.9
