Predict,speed_diff
16.838960977466055,18.33333333333333
17.0381825196464,12.0
17.494755120547826,22.66666666666667
16.79320051027227,18.666666666666668
17.631299432539606,23.333333333333336
17.125304128558525,16.333333333333332
17.23056822873,25.66666666666667
17.689663754345677,32.0
17.005655484586807,32.66666666666667
17.757732205167876,21.66666666666667
17.38402877410508,3.333333333333333
17.370577635975053,0.0
17.888242448450875,0.0
17.23106986699538,0.0
17.88749516902016,0.0
