Predict,Sales
274.2447562006661,421.6
285.32088345274394,264.5
298.34016369431754,342.3
309.422808606657,339.7
322.43559304929215,440.4
333.5247119725736,315.9
346.5310441191827,439.3
357.62659369640966,401.3
370.62651675856256,437.4
381.72845392310404,575.5
394.72201082297903,407.6
405.830292796625,682.0
418.8175261689469,475.3
429.9321104599764,581.3
442.91306265394184,646.9
