Predict,Sales
308.909851644122,339.7
399.94952681078405,440.4
354.1801192733711,315.9
390.72786961100974,439.3
376.5812031251212,401.3
458.62097152383296,437.4
428.59605535420616,575.5
474.3927607566867,407.6
549.7130384834923,682.0
487.8641151625952,475.3
678.8979586743591,581.3
594.0691337832878,646.9
