Predict,Sales
307.50869265524364,342.3
301.8139386110839,339.7
316.9603399382826,440.4
321.9025309825608,315.9
359.56622025293126,439.3
371.2749042411253,401.3
410.77497711916266,437.4
417.8387519174192,575.5
441.25798056567237,407.6
512.8823289438902,682.0
462.95439809221693,475.3
617.1884633579471,581.3
551.3501803085142,646.9
