Predict,Sales
293.32967421957136,339.7
368.6689556111947,440.4
335.044740635483,315.9
363.22022173418713,439.3
357.645323668421,401.3
443.0478352959873,437.4
378.36567364185186,575.5
459.4150207828137,407.6
526.8908755125658,682.0
457.23127454154195,475.3
672.9149442507432,581.3
531.5414491063367,646.9
