Predict,Sales
334.8792713645933,342.3
296.0632970789938,339.7
324.4176952240654,440.4
335.75894535533087,315.9
382.9358442809925,439.3
344.45823222469954,401.3
402.0107949494728,437.4
400.038832200979,575.5
442.9653505534225,407.6
499.2305862736518,682.0
447.0588252920036,475.3
619.4293692296931,581.3
548.3252946607123,646.9
