Predict,Sales
349.1177336709314,342.3
306.5130016300577,339.7
387.37643617494973,440.4
348.1542094237068,315.9
386.30879762618696,439.3
356.08206289722295,401.3
446.37948436566666,437.4
394.7373089326485,575.5
434.9154690632455,407.6
507.9233685317654,682.0
435.48270978193756,475.3
652.743868044498,581.3
546.3435045767244,646.9
