Model,Execution Time (sec),MAE,MSE,RMSE
"DailyBirths_arima(1,2,3)_predictions_15_crossvalidation_3",3.711927652359009,5.349427705494443,38.461925369648434,6.201767922911049
"DailyBirths_arima(2,2,3)_predictions_15_crossvalidation_3",1.5001139640808105,5.524926359068312,39.50395075633113,6.285216842427246
"DailyBirths_arima(3,2,3)_predictions_15_crossvalidation_3",2.5580382347106934,5.627546606923019,40.118927745228504,6.333950405965341
"DailyBirths_arima(4,2,3)_predictions_15_crossvalidation_3",2.3395702838897705,7.926667891594648,84.50416016090801,9.19261443556228
