Predict,Sales
320.77197235609066,342.3
262.5477015015608,339.7
308.35611846860667,440.4
345.1876057103025,315.9
368.26702820325715,439.3
330.01567850222335,401.3
403.6880574257408,437.4
393.57857024998145,575.5
468.34920711268023,407.6
501.6536630812303,682.0
454.1264984734451,475.3
620.2951181573037,581.3
488.64943949646,646.9
