Predict,speed_diff
16.28991582034797,18.33333333333333
20.92597602308426,12.0
18.847017585052598,22.66666666666667
18.45321681301489,18.666666666666668
19.963575762398715,23.333333333333336
23.39605467325262,16.333333333333332
19.934889163356736,25.66666666666667
24.808830824749105,32.0
29.931015538108106,32.66666666666667
24.559086566528947,21.66666666666667
17.75037678832712,3.333333333333333
5.766993164640334,0.0
2.638573752310963,0.0
1.2369025426063343,0.0
-1.0920745941142769,0.0
