Predict,Sales
334.87933268652716,342.3
296.06338273583447,339.7
324.4176952021659,440.4
335.75882057650523,315.9
382.9358490496859,439.3
344.4582428799897,401.3
402.0107797877399,437.4
400.0389370431614,575.5
442.965471906157,407.6
499.2304546381466,682.0
447.05894925686124,475.3
619.4293182009844,581.3
548.3253281274654,646.9
