Predict,Sales
279.8736807888159,421.6
281.70310783824846,264.5
302.08511957515225,342.3
306.78528172552546,339.7
324.38217186323266,440.4
331.37813751458765,315.9
347.0878290285599,439.3
355.63503152021593,401.3
370.06964080416896,437.4
379.66493255089176,575.5
393.23803576067826,407.6
403.54146635362366,682.0
416.5324951700119,475.3
427.31437797788277,581.3
439.912129707075,646.9
