Predict,Sales
326.7072046101275,339.7
383.17593545257404,440.4
376.9632509746453,315.9
441.79937226425227,439.3
393.9167433408727,401.3
472.5122656510967,437.4
438.2064785036691,575.5
485.9783247193336,407.6
550.4284527658892,682.0
475.02385288078847,475.3
638.7781731822654,581.3
581.7736293440739,646.9
