Predict,speed_diff
18.406093249043618,18.33333333333333
17.954094524093765,12.0
13.289286977843739,22.66666666666667
20.997020774537937,18.666666666666668
19.777401836178697,23.333333333333336
22.333523848621738,16.333333333333332
17.706929638785457,25.66666666666667
24.092390750297014,32.0
31.71304256371558,32.66666666666667
32.12814805884688,21.66666666666667
24.010855882169505,3.333333333333333
5.419340016005687,0.0
1.1854334582271835,0.0
-0.4792826031129863,0.0
0.4361156229297314,0.0
