Predict,speed_diff
18.21005696859118,18.33333333333333
18.88779213371054,12.0
18.977096318521706,22.66666666666667
18.59023202300729,18.666666666666668
18.9169400952164,23.333333333333336
19.014504732762497,16.333333333333332
18.838762186796476,25.66666666666667
19.00539821255427,32.0
19.08983043472904,32.66666666666667
19.022765517231694,21.66666666666667
19.117758466068825,3.333333333333333
19.18753576959425,0.0
19.175553876835988,0.0
19.239183630608977,0.0
19.297900644114723,0.0
