Predict,Sales
296.39624061368477,339.7
350.24597937340104,440.4
385.4772376044351,315.9
413.36715617158166,439.3
362.06235052837206,401.3
440.3931640349921,437.4
424.57484255928665,575.5
499.0544845612813,407.6
544.0529636010036,682.0
482.2387921830757,475.3
662.0385510702523,581.3
517.2429988417957,646.9
