Predict,Sales
317.5113614522482,421.6
300.6627964539614,264.5
378.703188882925,342.3
339.9524050055088,339.7
410.9492712767386,440.4
369.5164556979831,315.9
383.95798349582503,439.3
326.1821799998268,401.3
450.30223840953516,437.4
457.3011934815122,575.5
493.25825798400655,407.6
552.0153541027696,682.0
474.4353903634035,475.3
643.7567373492977,581.3
593.8129341008963,646.9
