Predict,speed_diff
18.0951981581684,18.33333333333333
18.946209731840668,12.0
19.1828637553561,22.66666666666667
18.634014482972717,18.666666666666668
18.848660337422338,23.333333333333336
19.176053300647588,16.333333333333332
18.976331581520995,25.66666666666667
18.9643551867195,32.0
19.18657972922032,32.66666666666667
19.178338316940845,21.66666666666667
19.13786159166004,3.333333333333333
19.255619606456342,0.0
19.316022697428735,0.0
19.30660719369765,0.0
19.366753386722788,0.0
