Predict,speed_diff
16.838960977466055,18.33333333333333
18.349205050961512,12.0
12.517697101346885,22.66666666666667
20.902606070081696,18.666666666666668
19.64532533303351,23.333333333333336
22.215494559368388,16.333333333333332
17.527396652141103,25.66666666666667
25.0567682112771,32.0
30.145779936828863,32.66666666666667
33.037966432118175,21.66666666666667
22.99280936355244,3.333333333333333
6.429636202202294,0.0
0.6921100053987354,0.0
-0.505245670202063,0.0
-0.29309138127548595,0.0
