Predict,speed_diff
15.840022548683205,18.33333333333333
20.332568589737136,12.0
17.949741008632735,22.66666666666667
18.456814999932185,18.666666666666668
20.538525983964895,23.333333333333336
22.746836922874472,16.333333333333332
19.808957838357813,25.66666666666667
25.12120273993032,32.0
29.62745627822836,32.66666666666667
23.894006586956003,21.66666666666667
17.280638601131216,3.333333333333333
5.896233203369285,0.0
3.371630077213422,0.0
2.876428747881724,0.0
-0.23187402357585019,0.0
