Predict,speed_diff
16.446192055849263,18.33333333333333
17.00974971604771,12.0
17.32307476842456,22.66666666666667
16.515705191135574,18.666666666666668
17.649578535412893,23.333333333333336
16.779687189444214,16.333333333333332
17.17276430613292,25.66666666666667
17.52600200573117,32.0
16.730351629053427,32.66666666666667
17.75644425920377,21.66666666666667
17.05522490115575,3.333333333333333
17.29011477197125,0.0
17.72666102012357,0.0
16.953324104567347,0.0
17.864981355383126,0.0
