Predict,speed_diff
17.942670071265077,18.33333333333333
17.893110238007367,12.0
13.32185938423577,22.66666666666667
20.93896774528977,18.666666666666668
19.682965507712986,23.333333333333336
22.402823802743256,16.333333333333332
18.20671584886394,25.66666666666667
24.068776185547435,32.0
31.389219555359038,32.66666666666667
32.091001235619046,21.66666666666667
23.538510942114325,3.333333333333333
5.407697532959148,0.0
0.9618211695579877,0.0
-0.5039355197295305,0.0
0.4393948308917405,0.0
