Predict,Sales
310.4722212119211,339.7
384.9447158317091,440.4
346.6045164745308,315.9
364.8763908055307,439.3
310.4203269661603,401.3
438.41470611666426,437.4
350.42843614045313,575.5
445.35650678144805,407.6
516.3424680052765,682.0
438.28383376811064,475.3
625.5975389754014,581.3
563.3695394198705,646.9
