Predict,speed_diff
14.287676651975767,18.33333333333333
19.20587064733691,12.0
16.341282582338877,22.66666666666667
19.97345180644633,18.666666666666668
21.13438029637936,23.333333333333336
19.246578778879055,16.333333333333332
18.81600630646568,25.66666666666667
25.907650045964196,32.0
29.542258396064373,32.66666666666667
27.486576814986936,21.66666666666667
21.227580557826638,3.333333333333333
6.2379969802113315,0.0
2.310429522242211,0.0
1.137952136673087,0.0
0.5743169575164706,0.0
