Predict,Sales
349.17734614872256,342.3
227.15329306773404,339.7
407.3929009159799,440.4
467.1453012637524,315.9
376.9798976728881,439.3
360.3512431999003,401.3
501.9381256555952,437.4
416.9180230725626,575.5
641.6127737151822,407.6
491.3037596513923,682.0
578.4911802676859,475.3
706.6016539004933,581.3
416.9534657495155,646.9
