Predict,Sales
337.5892472112895,339.7
413.50135468839665,440.4
380.0846827756498,315.9
394.3685290238308,439.3
380.66301397581066,401.3
497.2197953862957,437.4
419.0653848595645,575.5
510.7485777349464,407.6
571.700561855213,682.0
528.6634623154,475.3
722.6652375339577,581.3
609.0684299247015,646.9
