Predict,Sales
325.5901469366195,339.7
409.46371850447326,440.4
370.94324282682544,315.9
403.9404910488597,439.3
377.54516419527414,401.3
465.89377505346727,437.4
412.5064554903331,575.5
485.1415694666435,407.6
554.099260140516,682.0
492.86118800214854,475.3
656.2501539089252,581.3
555.8316531778785,646.9
