Predict,Sales
335.49160316772884,342.3
306.13770175140115,339.7
376.2096381622481,440.4
341.6738885749944,315.9
379.22756722880547,439.3
355.1524242768809,401.3
444.3986851260129,437.4
390.72646537239757,575.5
434.97675487346436,407.6
512.1120027935781,682.0
570.8736888495797,475.3
676.9073183997448,581.3
556.0529220452637,646.9
