Predict,Sales
335.4916291400674,342.3
306.1377038576301,339.7
376.20968157983134,440.4
341.67410535682285,315.9
379.2276815458271,439.3
355.1524228728271,401.3
444.3981029799885,437.4
390.7263162671072,575.5
434.97647298666715,407.6
512.4194538569924,682.0
428.6644333723765,475.3
681.1146528220793,581.3
543.6725771331887,646.9
