Predict,Sales
315.3075350215496,339.7
384.3743541868548,440.4
380.55836331350315,315.9
442.31117317778717,439.3
396.0265852611303,401.3
479.612712660753,437.4
445.9501715845742,575.5
470.9559340295026,407.6
542.7504172497385,682.0
563.1068260022985,475.3
681.6294052807327,581.3
611.2447221833218,646.9
