Predict,Sales
307.50867482119185,342.3
301.81395910984736,339.7
316.9603899186772,440.4
321.902522153915,315.9
359.56626099005996,439.3
371.2748847683072,401.3
410.7750209640998,437.4
417.8387393633508,575.5
441.2578702259325,407.6
512.8823429910527,682.0
462.95452491645915,475.3
617.188471892933,581.3
551.3501825514568,646.9
