Predict,Sales
298.7346559870763,339.7
328.14503536500035,440.4
351.09406757121485,315.9
385.3336377912779,439.3
352.36977170459784,401.3
405.23043161484924,437.4
405.4875644516589,575.5
457.73763136987026,407.6
506.2135406588253,682.0
460.9665076744037,475.3
614.0022927764097,581.3
519.7264601390882,646.9
