Predict,Sales
384.28317594534553,342.3
316.8889271164394,339.7
337.3494361159221,440.4
378.2832310565709,315.9
413.32098061975046,439.3
370.97816954721225,401.3
425.75706570660543,437.4
429.401472710619,575.5
474.5807196490516,407.6
542.7102014907218,682.0
480.81338161176257,475.3
634.3272668885885,581.3
561.0514781074183,646.9
