Predict,Sales
355.40293305795,339.7
422.47282207188385,440.4
362.22304655978076,315.9
414.6904781294246,439.3
341.515700741925,401.3
481.020783991053,437.4
435.83628089580094,575.5
485.6831375524657,407.6
620.2619864041483,682.0
493.05657752178377,475.3
693.7969375736616,581.3
570.137925563605,646.9
