Predict,Births
45.120277964085815,39.0
44.274892931353506,40.0
44.29751675364999,42.0
43.94891732668732,42.0
44.2547731634391,53.0
43.95902137066668,39.0
44.27303799180506,40.0
43.986887869666276,38.0
44.295286949024586,44.0
44.015699811099154,34.0
44.317842506904455,37.0
44.044503445540464,52.0
44.34047918426421,48.0
44.07324443114773,55.0
44.363182146706066,50.0
