Predict,speed_diff
17.205049961559272,18.33333333333333
15.576089656427872,12.0
14.161660399869842,22.66666666666667
12.991182250960284,18.666666666666668
12.078671925123341,23.333333333333336
11.426062041205567,16.333333333333332
11.026108611386643,25.66666666666667
10.864890690261758,32.0
10.923918793024376,32.66666666666667
11.181877707959353,21.66666666666667
11.616035268259058,3.333333333333333
12.20335207004556,0.0
12.921328532146848,0.0
13.748625536632389,0.0
14.66549355758366,0.0
