Predict,census
2405.603086560382,3066.0
2678.4946677608086,2581.0
2505.6681688342214,1115.0
2357.1396635711267,2477.0
2539.964353706725,2901.0
2563.2329509376696,1239.0
2315.2509951971856,2618.0
2575.9633985967776,3589.0
2569.957750925677,3336.0
2669.233991859377,2363.0000000000005
2503.2802163841643,1079.0
2324.5410017494646,2232.0
2506.9492606603694,3423.0
2642.7500754632892,3418.0
2663.5072027337583,1409.0
