Predict,Sales
272.0149895890777,342.3
207.4623591059055,339.7
312.01982956450865,440.4
289.25469034480165,315.9
366.45795166690505,439.3
344.55172497010665,401.3
393.29631914640765,437.4
417.9109023612831,575.5
415.32127412135833,407.6
559.058581915468,682.0
491.8428821579286,475.3
625.8256766266339,581.3
597.7855735098249,646.9
