Predict,Sales
348.3512219987149,342.3
306.2126117126828,339.7
387.30147765185836,440.4
348.3178890830726,315.9
385.2814094931199,439.3
358.8990686589261,401.3
447.33259984441,437.4
394.7449085286633,575.5
434.78241794123045,407.6
509.92002167154556,682.0
458.1735710660612,475.3
644.8483173165915,581.3
541.2870235581988,646.9
