Predict,speed_diff
16.446192055849263,18.33333333333333
18.828174362778004,12.0
12.796431901794357,22.66666666666667
21.263675379531996,18.666666666666668
19.509135605740966,23.333333333333336
21.916200271237095,16.333333333333332
17.811252103645966,25.66666666666667
24.266421468980766,32.0
30.57179681193524,32.66666666666667
32.75937324262586,21.66666666666667
22.992783201437703,3.333333333333333
6.736706037262111,0.0
1.5607460208691402,0.0
-0.01313787289094661,0.0
0.24411137834262314,0.0
