Predict,Sales
269.17441013581924,339.7
353.1905832815905,440.4
308.19986999450964,315.9
347.886120402712,439.3
370.36584980817076,401.3
421.98522175789174,437.4
337.4732365521745,575.5
432.2521710257994,407.6
496.45153523363314,682.0
433.7126044536845,475.3
584.8018693866843,581.3
562.0778851306096,646.9
