Predict,Sales
343.1307349655953,339.7
420.9074592607384,440.4
373.19280455656394,315.9
427.1992314159671,439.3
403.41128212761714,401.3
487.30884808368324,437.4
423.35826585147845,575.5
510.86104531881364,407.6
579.4357653176958,682.0
537.3826845581991,475.3
690.1718457150212,581.3
526.2363458831467,646.9
