Predict,speed_diff
18.21005696859118,18.33333333333333
19.109876339682646,12.0
12.923396637353703,22.66666666666667
21.696897932934405,18.666666666666668
18.531592374794588,23.333333333333336
24.291236959922017,16.333333333333332
16.703544296765575,25.66666666666667
25.09024180663751,32.0
31.674640028908883,32.66666666666667
32.14243726852027,21.66666666666667
23.473287903998422,3.333333333333333
4.157575363005548,0.0
0.05042424716306641,0.0
-0.8832407874741626,0.0
0.5894865814411557,0.0
