Predict,Sales
287.10385376903605,339.7
361.3894840818669,440.4
327.651897808388,315.9
371.5945164596629,439.3
349.23320383087656,401.3
431.797809554797,437.4
372.38424378193105,575.5
468.6615288770332,407.6
490.2506005766857,682.0
453.35095906766753,475.3
613.3699092676783,581.3
513.693878949943,646.9
