Predict,Sales
363.49662528778464,342.3
315.4721287519439,339.7
390.18698784777575,440.4
334.1992296536332,315.9
393.43221585598087,439.3
369.92893675538255,401.3
451.5105783528616,437.4
388.957341500447,575.5
472.2711450320048,407.6
507.2578767768065,682.0
471.66112584301055,475.3
634.2594228371995,581.3
539.786251417348,646.9
