Predict,speed_diff
18.0951981581684,18.33333333333333
17.41918107825277,12.0
13.027384031541144,22.66666666666667
21.174344469786675,18.666666666666668
18.51761252660245,23.333333333333336
22.930937811828873,16.333333333333332
17.151196847358136,25.66666666666667
24.402391796416175,32.0
31.369329910381612,32.66666666666667
33.054561366736515,21.66666666666667
20.734404221593326,3.333333333333333
4.18745277407812,0.0
-0.013148164449984755,0.0
-0.7433349858620144,0.0
0.5954630798884426,0.0
