Predict,Sales
351.2018513531882,339.7
366.49457439377403,440.4
387.9061247096462,315.9
424.1281876329631,439.3
408.7449854194416,401.3
441.09012320171,437.4
448.6368581346251,575.5
475.2374790829879,407.6
539.8586730664282,682.0
486.64446767784636,475.3
611.7183235910439,581.3
600.6399192865883,646.9
