Predict,Births
42.51613429034797,42
43.794153293561045,53
44.39697344269341,39
43.33089311896384,40
42.722334358570286,38
42.78849315376629,44
43.14102214622794,34
41.70887467246028,37
41.83682200992101,52
44.211063356493284,48
43.55531189345297,55
45.57656073438456,50
