Predict,Sales
271.41678090949017,421.6
317.1288966432825,264.5
378.60728422479684,342.3
337.8504858089119,339.7
421.5259901321249,440.4
364.3854341208499,315.9
364.7833616977055,439.3
348.67937022272355,401.3
474.34946826938904,437.4
412.32594668264665,575.5
510.2926637578362,407.6
612.1151738572656,682.0
460.61813987943003,475.3
732.659289950984,581.3
561.9489414819986,646.9
