Predict,Sales
288.88662921950026,339.7
380.7284902862472,440.4
335.23714614764054,315.9
390.6997859956832,439.3
370.5114361726509,401.3
454.1566049223761,437.4
390.09759651434626,575.5
485.03011353000306,407.6
513.2423947004268,682.0
490.4057301307637,475.3
650.9420078877646,581.3
549.4328375049417,646.9
