Predict,Sales
345.8817089816132,342.3
303.03916050266974,339.7
386.22068616489867,440.4
342.0639016513826,315.9
388.28191684816295,439.3
359.86396068045207,401.3
447.0024126451125,437.4
393.68349901669205,575.5
450.90404236389884,407.6
498.5621978111337,682.0
455.27487465294894,475.3
627.3121053313582,581.3
535.5106313953751,646.9
