Predict,census
2611.7714113905754,3837.9999999999995
2639.10482077575,924.0
2183.202705353923,945.0
2216.994787071604,3867.9999999999995
2670.304826352703,3291.9999999999995
2528.790460416814,1003.0
2184.7308325206045,3498.0000000000005
2630.7208123133173,3745.0
2621.57217577165,3106.0
2541.7461445697063,899.0
2214.7596774007975,1202.0
2302.854705755399,969.0
2219.2889899483403,812.0
2160.2015685001634,3412.0
2569.216662274104,3930.0
