Predict,speed_diff
18.331229241085875,18.33333333333333
17.875782414713115,12.0
18.40815078563364,22.66666666666667
17.95279947999256,18.666666666666668
18.485072339418167,23.333333333333336
18.029816536036137,16.333333333333332
18.561993902437667,25.66666666666667
18.10683358284564,32.0
18.63891547469035,32.66666666666667
18.183850620422845,21.66666666666667
18.715837056174436,3.333333333333333
18.26086764876955,0.0
18.792758646888135,0.0
18.33788466788753,0.0
18.86968024682967,0.0
