Predict,Sales
312.35388396841324,339.7
339.72182802323107,440.4
381.75247632562525,315.9
411.7664424613263,439.3
370.26598349118524,401.3
428.1028677501762,437.4
428.78454850303444,575.5
491.3357583769736,407.6
547.4172443309458,682.0
502.469517501946,475.3
652.099061634783,581.3
571.1966654390716,646.9
