Predict,Sales
337.6580072990164,339.7
425.7728777838109,440.4
362.78742549506876,315.9
364.0396658287549,439.3
351.58728571095384,401.3
470.06926123725185,437.4
418.1609860202401,575.5
508.8229220659035,407.6
612.2901304230408,682.0
526.5561869315572,475.3
732.9820415712213,581.3
561.3268401550956,646.9
