Model,Execution Time (sec),MAE,MSE,RMSE
"SpeedDiff_arimax(4,2,3)_predictions_15",-1,-1,-1,-1
"SpeedDiff_arima(1,2,3)_predictions_15",20.666772603988647,5.482114875372973,56.350156969636664,7.506674161680169
"SpeedDiff_arimax(1,2,3)_predictions_15",21.451822519302368,5.518057084717905,58.164220418952624,7.62654708363835
"SpeedDiff_arima(4,2,3)_predictions_15",33.60843062400818,5.756860212648929,58.50138061678456,7.6486195235993115
