Predict,Sales
283.6538028941088,339.7
340.4302175533018,440.4
341.8910732285017,315.9
391.76430230708866,439.3
340.16703674572665,401.3
423.7136008241294,437.4
387.95134320002904,575.5
467.26844203687307,407.6
530.6229919875726,682.0
526.996035820414,475.3
649.7634498625102,581.3
607.1382301598745,646.9
