Predict,Sales
255.61249565419163,339.7
321.40818283224417,440.4
315.58705717887665,315.9
375.985629469708,439.3
329.84372127150596,401.3
408.2568123246729,437.4
380.53978879605165,575.5
414.61534725850765,407.6
547.5358727234496,682.0
504.9266255752518,475.3
603.1629524958853,581.3
602.7286995979764,646.9
