Predict,Sales
331.0314167889455,339.7
363.68195303931697,440.4
483.27247437854834,315.9
367.4386606894094,439.3
392.3935640411933,401.3
487.5837262777072,437.4
67502.5380561835,575.5
598.6924199911828,407.6
559.3459315738158,682.0
530.070844527768,475.3
715.8483112381165,581.3
599.3658305943243,646.9
