Predict,Sales
351.65189362022386,342.3
309.59067112341677,339.7
388.6415685062973,440.4
348.7780283877286,315.9
383.60204369263397,439.3
360.9920599177947,401.3
449.34206588950934,437.4
395.44924417981184,575.5
434.8649497526276,407.6
512.3020669617628,682.0
428.5971079755776,475.3
625.9935339513838,581.3
543.539020597774,646.9
