Predict,Sales
351.6519130632987,342.3
309.59068795887015,339.7
388.6416646964752,440.4
348.77825754174785,315.9
383.6020294255486,439.3
360.99204398758064,401.3
449.34210176199355,437.4
395.4492550127594,575.5
434.8649451172913,407.6
512.3020488580968,682.0
428.59729128191617,475.3
625.9935151131871,581.3
543.538906334099,646.9
