Predict,Sales
386.6083478573062,342.3
296.3962767910126,339.7
350.24597937340104,440.4
385.47705750758075,315.9
413.36667165305994,439.3
362.06221460669735,401.3
440.393395040801,437.4
424.5752159872262,575.5
499.0545091171902,407.6
544.0529636010035,682.0
482.2387921830757,475.3
662.0385510702523,581.3
517.2429254582945,646.9
