Predict,Sales
224.99467818660062,339.7
400.6680876988359,440.4
458.8318681632137,315.9
375.22102184092,439.3
355.54660522370466,401.3
496.0891936878892,437.4
413.32434239641765,575.5
632.3981861368225,407.6
490.4088260870258,682.0
570.1203447445173,475.3
703.0171133355472,581.3
416.1281590927668,646.9
