Predict,Sales
324.2822178459154,339.7
404.94261836010105,440.4
370.2641655234505,315.9
395.3589008555076,439.3
376.4899647166031,401.3
467.2509886097684,437.4
409.8253181309011,575.5
459.09230247998994,407.6
545.7145286639438,682.0
466.689493848986,475.3
683.7071708705143,581.3
588.7749680256006,646.9
