Predict,census
2919.073854180481,3421.0
2747.6677289792683,1039.0
2688.4394336526775,1184.0
2602.6670292318177,3469.0
3028.059206195629,3913.0
2852.2053480180475,2285.0
2616.1313969660255,3614.0
2876.2625563775837,3501.0
2903.284097975791,3310.0
2859.2887496409016,1232.0
2514.9180171931694,1802.0
2709.965309251984,4451.0
2964.6852272206174,4102.0
2907.0196261213787,5623.0
3236.3942171073513,4875.0
