Predict,Sales
267.83117636732504,339.7
344.7942376376729,440.4
316.3618197490433,315.9
362.3924670467694,439.3
340.6350227149928,401.3
422.80938408608233,437.4
363.52664001902565,575.5
461.8862080396656,407.6
481.60918649740006,682.0
446.483001147812,475.3
604.89588207888,581.3
504.70817498096176,646.9
