Predict,Sales
347.2328047671533,339.7
421.01081096612415,440.4
374.1770341895555,315.9
405.7347059477428,439.3
323.70845893284826,401.3
431.35450493687733,437.4
442.96420882241716,575.5
526.6264857280942,407.6
618.725920431009,682.0
504.8524872303859,475.3
714.1373234722923,581.3
652.7509639196488,646.9
