Predict,speed_diff
15.781262522132455,18.33333333333333
20.40834861870906,12.0
18.01885548554824,22.66666666666667
18.45765279320419,18.666666666666668
20.523493000145113,23.333333333333336
22.742555769887574,16.333333333333332
19.849076844690284,25.66666666666667
25.122248247331484,32.0
29.61963784077433,32.66666666666667
23.886076713381144,21.66666666666667
17.356002655981477,3.333333333333333
5.8657351737712915,0.0
3.3729408551435305,0.0
2.855411248933657,0.0
-0.24958575137546907,0.0
