Predict,Sales
267.95307887837726,339.7
344.84012308036233,440.4
316.62599950532956,315.9
362.17763962607074,439.3
339.0216432105791,401.3
421.36894208575336,437.4
365.00021617065175,575.5
458.3929353367002,407.6
481.34060139066077,682.0
450.6700831756259,475.3
602.8272802725218,581.3
502.7681500320509,646.9
