Predict,census
2586.7093686236008,3837.9999999999995
2712.1305326071392,924.0
2181.2806327081753,945.0
2271.267069877083,3867.9999999999995
2598.7288305247657,3291.9999999999995
2543.07802705834,1003.0
2222.7159288199646,3498.0000000000005
2645.7618908524355,3745.0
2611.2946469049743,3106.0
2701.564649547077,899.0
2202.619198902181,1202.0
2338.0102311660225,969.0
2156.3979489241206,812.0
2181.452826354008,3412.0
2527.5990182573487,3930.0
