Predict,Births
42.42189300160693,42
43.93274331753133,53
44.37506612281063,39
44.08138925100507,40
42.57213738491416,38
42.7673905719502,44
42.965712416647875,34
41.95749413524211,37
41.52082838357843,52
44.045324460228855,48
44.036067599342665,55
45.95857902628009,50
