Predict,speed_diff
18.331229241085875,18.33333333333333
17.878211991546113,12.0
13.344393717973043,22.66666666666667
20.843411042746922,18.666666666666668
19.562095070636232,23.333333333333336
22.284671170459543,16.333333333333332
17.787160316616067,25.66666666666667
23.951085256985458,32.0
31.48884452433534,32.66666666666667
31.987883081827558,21.66666666666667
23.81073977025937,3.333333333333333
5.3717643003912485,0.0
1.1755597044558685,0.0
-0.43053780605115183,0.0
0.5160788244918488,0.0
