Predict,Births
42.24372000716138,42
43.72367507430843,53
43.198717654721484,39
43.62497050648851,40
42.78149622498708,38
43.05526816281776,44
42.77342148675344,34
42.22190696898171,37
41.96771748434384,52
43.09265159981166,48
42.84367383733216,55
44.397747051384115,50
