Predict,Births
49.51782672002267,39.0
49.6634268806053,40.0
51.0447942094138,42.0
49.415344807625395,42.0
50.69328777723304,53.0
50.34286518954099,39.0
50.04469506847467,40.0
50.78211102508897,38.0
50.25008524481162,44.0
50.53078574248485,34.0
50.68008009069881,37.0
50.471593135151224,52.0
50.755992958825814,48.0
50.691471342595094,55.0
50.72836269130618,50.0
