Predict,speed_diff
17.003667568919692,18.33333333333333
17.884885203824897,12.0
17.930752487526814,22.66666666666667
17.250620432687764,18.666666666666668
18.37830200421765,23.333333333333336
17.421249560804814,16.333333333333332
17.956800553647547,25.66666666666667
18.179160444759813,32.0
17.45657769245685,32.66666666666667
18.49672805842366,21.66666666666667
17.713340860645516,3.333333333333333
18.064298359642596,0.0
18.40599600925504,0.0
17.675504272480584,0.0
18.613589154596497,0.0
