Predict,Sales
267.52210289823995,339.7
353.69167248750887,440.4
400.8840330315436,315.9
381.41827514373193,439.3
447.86607683283034,401.3
463.2754501890744,437.4
371.1705324676187,575.5
644.8120907537751,407.6
572.2045199156372,682.0
537.8065998270785,475.3
723.5355074576788,581.3
441.3411352974275,646.9
