Predict,Sales
330.7801281935722,339.7
399.796264033269,440.4
378.1932762151004,315.9
386.1990725365051,439.3
412.79760882225406,401.3
490.2140933672085,437.4
405.4062347832755,575.5
534.516470416919,407.6
599.7247507205807,682.0
519.29708659686,475.3
737.195807466288,581.3
561.0025335850665,646.9
