Predict,Sales
279.07552694475703,339.7
339.5865068391671,440.4
342.18071464224215,315.9
392.7431305953708,439.3
342.21638670748496,401.3
417.08471614884456,437.4
391.1852267231678,575.5
445.47827816209065,407.6
534.8024371222108,682.0
518.9606257623213,475.3
630.2883713049969,581.3
617.6718642241962,646.9
