Predict,speed_diff
0.34030661913252236,0.0
-0.7087282570616925,7.666666666666668
6.955187335970128,13.666666666666664
12.210641102705337,0.0
2.2518274963409595,3.0
2.236290006499467,3.0
3.3883287072845674,3.333333333333333
2.597318025226484,3.6666666666666665
4.030597662527793,10.0
8.426346911548624,0.0
1.8303097185121766,4.0
2.7647857128428743,0.0
1.016524698044413,0.0
-0.7501655819003638,0.0
0.29871343930839866,0.0
