Predict,speed_diff
0.13817744331334328,0.0
-0.8973439961623095,7.666666666666668
7.323374989923932,13.666666666666664
11.038172786531765,0.0
2.103461054155741,3.0
2.091510219928224,3.0
3.208279408032984,3.333333333333333
2.283585816926894,3.6666666666666665
3.9253583100976295,10.0
8.34553662378711,0.0
1.5898776295568244,4.0
2.7362308186284343,0.0
0.3293245341001239,0.0
-0.8090669648652083,0.0
0.4107963416104033,0.0
