Predict,Sales
337.12175940130885,339.7
445.2080598594128,440.4
355.94407441843873,315.9
407.93020812261415,439.3
323.8417079122424,401.3
457.25202494815346,437.4
471.4668465011469,575.5
476.0605518697401,407.6
597.2570258445788,682.0
506.97135706133065,475.3
704.7673328025261,581.3
656.4872383549842,646.9
