Predict,speed_diff
18.323204494632478,18.33333333333333
17.867138929382406,12.0
18.40011650302899,22.66666666666667
17.944116390116147,18.666666666666668
18.477028515756967,23.333333333333336
18.021093846518703,16.333333333333332
18.553940532815837,25.66666666666667
18.098071298590657,32.0
18.63085255420503,32.66666666666667
18.175048746332575,21.66666666666667
18.70776457992397,3.333333333333333
18.252026189745028,0.0
18.784676609972088,0.0
18.329003628828595,0.0
18.86158864434881,0.0
