Predict,Sales
261.3987275701958,339.7
346.9328034709446,440.4
467.7077423754054,315.9
400.03619157089963,439.3
368.59951641386516,401.3
467.4696033831139,437.4
449.24011309017504,575.5
585.177151007649,407.6
561.7979047406877,682.0
556.4155570056408,475.3
678.0330493515823,581.3
542.1657928932727,646.9
