Predict,Sales
286.0030554098039,339.7
341.0154543174436,440.4
341.8197037872287,315.9
391.5212694099818,439.3
339.75309900044124,401.3
424.99390827138734,437.4
387.26898872406264,575.5
468.8520281840327,407.6
503.76197740065254,682.0
460.69166175934345,475.3
613.9880128525356,581.3
521.7148704344274,646.9
