Predict,Sales
330.8948697821097,339.7
417.15510930042615,440.4
369.7602788015674,315.9
382.7172565250572,439.3
326.3183223523193,401.3
450.174848368497,437.4
459.1343860709934,575.5
491.1522166862719,407.6
561.6221132487705,682.0
474.1035927000778,475.3
644.1716308425515,581.3
594.0065325230432,646.9
