,predicted,real
0,0.8819322715051847,0.0
1,0.690137773942862,0.0
2,0.8221073451357551,0.0
3,1.8558005354078848,0.0
4,1.9825844619526627,0.0
5,1.9682186304470208,0.0
6,2.7056755244196813,0.0
7,3.0290701400130513,0.0
8,3.166383012080302,0.0
9,3.384530890712627,0.0
10,3.426720653459157,0.0
11,3.249295776214366,0.0
