,predicted,real
0,-1.2379309758161874,0.0
1,-1.687846060035186,0.0
2,-0.642822207983308,0.0
3,0.10540711698410428,0.0
4,0.04532855316613998,0.0
5,2.4971913529393506,0.0
6,6.3607404858888295,5.0
7,9.946352306197554,13.333333333333336
8,12.989231841009126,7.666666666666668
9,15.287413105200358,13.333333333333336
10,16.600425680390213,13.333333333333336
11,17.578695667322997,22.33333333333333
