Predict,Sales
306.21267450034185,339.7
387.30154897148134,440.4
348.3179536765939,315.9
385.2813370363716,439.3
358.89920857003847,401.3
447.3325044604572,437.4
394.74493607399,575.5
434.78215443239884,407.6
509.92000973751243,682.0
458.1582407187977,475.3
644.8489071340183,581.3
541.2870808648023,646.9
