Predict,speed_diff
16.15371482225996,18.33333333333333
20.812162889074198,12.0
18.693474304069916,22.66666666666667
18.380450332373375,18.666666666666668
19.957335124651646,23.333333333333336
23.330363993900978,16.333333333333332
20.061303487442064,25.66666666666667
24.99814661084063,32.0
29.953435199426163,32.66666666666667
24.608926700153646,21.66666666666667
17.72996184010778,3.333333333333333
5.574701816985718,0.0
2.997726618830553,0.0
1.3062403746342637,0.0
-1.11629544682095,0.0
