Predict,Sales
313.2726106222852,339.7
398.20857262597417,440.4
344.10491562856936,315.9
358.1682877812857,439.3
315.7357741004439,401.3
442.22970813757956,437.4
422.7097308335028,575.5
456.6560337058039,407.6
557.7891810492574,682.0
471.0937678369569,475.3
667.7136782431362,581.3
636.7043492005284,646.9
