Predict,Sales
302.2437198862376,339.7
371.58922145528413,440.4
361.9602492952462,315.9
425.20170463644314,439.3
397.56939127480473,401.3
465.9797434599505,437.4
390.6234259795108,575.5
591.1794756216684,407.6
531.1743684942367,682.0
571.8579651385364,475.3
670.899488510358,581.3
537.6232299856492,646.9
