Predict,speed_diff
17.244918778435324,18.33333333333333
17.730566766126017,12.0
18.02102949203878,22.66666666666667
17.427249368540682,18.666666666666668
18.135516814205207,23.333333333333336
17.760675993038568,16.333333333333332
17.811477816635836,25.66666666666667
18.190532972134637,32.0
17.726264459139177,32.66666666666667
18.19280982197105,21.66666666666667
18.049964448423783,3.333333333333333
17.977015298511372,0.0
18.332791470032646,0.0
18.009643388300994,0.0
18.292926613941304,0.0
