Predict,Sales
240.71924799574586,339.7
309.5309847308311,440.4
337.0188984587554,315.9
369.12526672290136,439.3
343.8986600314979,401.3
392.2731162274813,437.4
397.1146695909875,575.5
448.1125492668426,407.6
495.7751643035557,682.0
452.01437593915114,475.3
604.8495522415735,581.3
507.38899862317953,646.9
